codigo,familia,descripcion,merma,precio_unidad
ING-0001,CARNES,CARCASA POLLO,0,0.5
ING-0002,CARNES,CODORNIZ EXTRA CONG,0,1.23
ING-0003,CARNES,"CONEJO EVISCERADO 1-1,5K",0,5.17
ING-0004,CARNES,FOIE ESCALOPES 160G CONGELADO,0,8.43
ING-0005,CARNES,"GALLINA 3,5K",0,7.86
ING-0006,CARNES,HIGADILLOS POLLO,0,2.3
ING-0007,CARNES,JAMON DE PATO MARTIKO 100G,0,5.87
ING-0008,CARNES,MAGRET PATO mercadona 380 G,0,7.22
ING-0009,CARNES,MAGRET PATO CONGELADO 300GR +/- MAKRO CAJA 8 UNIDADES,0,15.08
ING-0010,CARNES,"PATO 2,5Kjose gonzalez",0,18.4
ING-0011,CARNES,PATO FOIE CORRIENTE CONGELADO 450 G MAKRO,0,16.53
ING-0012,CARNES,PATO FOIE ENTERO EXTRA CONGELADO 500-700G MAKRO,0,32.59
ING-0013,CARNES,PATO FOIE ENTERO FRESCO 600 G MAKRO,0,27.9
ING-0014,CARNES,PATO MUSLO DE CONFIT CONGELADO MAKRO,0,2.983
ING-0015,CARNES,PATO FOIE GRAS LONCHEADO 150 G mercadona,0,7.45
ING-0016,CARNES,PAVO MUSLO FRESCO 350-450 G unidad jamoncito,0,0.82
ING-0017,CARNES,PICADA POLLO 380G,0,2.22
ING-0018,CARNES,POLLO ALAS,0,3.45
ING-0019,CARNES,POLLO CUARTO DELANTERO 550 G UNIDAD,0,2.26
ING-0020,CARNES,POLLO CUARTO TRASERO MUSLOS +/- 400gr,0,1.17
ING-0021,CARNES,"POLLO LIMPIO ENTERO 1,5k/UNIDAD",0,3.3
ING-0022,CARNES,"POLLO LIMPIO ENTERO DE 2,5K/UNIDAD",0,5.36
ING-0023,CARNES,POLLO MOLLEJAS,0,2.3
ING-0024,CARNES,POLLO JAMONCITO 105 G /UNIDAD,0,0.39
ING-0025,CARNES,POLLO PECHUGA FILETEADA,0,5.35
ING-0026,CARNES,POLLO PECHUGA LIMPIA,0,5.45
ING-0027,CARNES,POLLO PICANTON EXTRA mercadona 400g,0,2.74
ING-0028,CARNES,POLLO TRASEROS congelados MAKRO,0,1.49
ING-0029,CARNES,PULARDA 2K CONGELADA MAKRO,0,10
ING-0030,CARNES,ALETA,0,
ING-0031,CARNES,BABILLA entera,0,12.99
ING-0032,CARNES,CADERA entera,0,14.99
ING-0033,CARNES,CANAL MEDIA TERNERA,0,6
ING-0034,CARNES,CARRILLADA TERNERA,0,9.99
ING-0035,CARNES,CECINA LONCHEADA 200G,0,4.67
ING-0036,CARNES,CONTRA/PLA,0,10.99
ING-0037,CARNES,COSTILLA ENTERA,0,5.9
ING-0038,CARNES,DOBLADA,0,10
ING-0039,CARNES,ESPALDILLA / LLATA,0,8
ING-0040,CARNES,HAMBURGUESA MINI VACUNO 25 G X 20 UNIDADES,0,3.45
ING-0041,CARNES,HIGADO TERNERA,0,
ING-0042,CARNES,HUESOS RODILLA TERNERA,0,3.99
ING-0043,CARNES,HUESOS TERNERA,0,2
ING-0044,CARNES,LENGUA CONGELADA,0,4.99
ING-0045,CARNES,LOMO ALTO,0,
ING-0046,CARNES,LOMO BAJO carnisseria sonia,0,22.99
ING-0047,CARNES,MOLLEJA DE TERNERA,0,12.99
ING-0048,CARNES,MORCILLO/ GARRETA,0,10
ING-0049,CARNES,OSOBUCCO,0,8.99
ING-0050,CARNES,PATA TERNERA,0,3.99
ING-0051,CARNES,PICADA TERNERA 800G MAKRO,0,6.6
ING-0052,CARNES,RABO TROCEADO CONGELADO,0,10.99
ING-0053,CARNES,REDONDO/GALLON,0,10.99
ING-0054,CARNES,"SOLOMILLO VACA CONGELADO + 2,5K MAKRO",0,9.95
ING-0055,CARNES,"SOLOMILLO VACA FRESCO 2,2-2,4 K",0,28.57
ING-0056,CARNES,TAPA ENTERA,0,10.99
ING-0057,CARNES,TUETANO,0,3.99
ING-0058,CARNES,ABANICO CERDO IBÉRICO CONGELADO MAKRO 1K,0,13.73
ING-0059,CARNES,"AGUJA, ESPALDILLA",0,4.99
ING-0060,CARNES,BACON PIEZA,0,7.2
ING-0061,CARNES,BLANQUET,0,6.5
ING-0062,CARNES,CABEZA DE LOMO,0,4.99
ING-0063,CARNES,CANAL CERDO,0,
ING-0064,CARNES,CARETA CERDO,0,2.98
ING-0065,CARNES,CARETA CERDO MEDIA SIN OREJA 420 g mercadona,0,1.66
ING-0066,CARNES,CARRILLADA,0,8.99
ING-0067,CARNES,CHISTORRA,0,6.75
ING-0068,CARNES,CHORIZO GUISAR,0,6
ING-0069,CARNES,CHORIZO PICADILLO 800 gr,0,6.03
ING-0070,CARNES,CHORIZO SARTA,0,8.5
ING-0071,CARNES,CHULETA CERDO CONGELADA CON HUESO 150G/CHULETA,0,4.98
ING-0072,CARNES,CHULETERO LOMO ENTERO CON SOLOMILLO +/-10K,0,5.99
ING-0073,CARNES,COCHINILLO CONGELADO2-4 K MAKRO,0,7.45
ING-0074,CARNES,COCHINILLO CONGELADO 4-5 K MAKRO,0,6.95
ING-0075,CARNES,COCHINILLO CONGELADO 5-6 K MAKRO,0,9.95
ING-0076,CARNES,"COCHINILLO PIERNA CONGELADO 1,5-2,5K MAKRO",0,8.7
ING-0077,CARNES,CODILLO FRESCO ENTERO carnisseria sonia,0,3.29
ING-0078,CARNES,CODILLO SALMUERIZADO,0,4.85
ING-0079,CARNES,COLA CERDO,0,2.95
ING-0080,CARNES,"COMPANGO 1,5K",0,10.45
ING-0081,CARNES,COSTILLAR BANDA,0,6.49
ING-0082,CARNES,COSTILLAR BANDA TROCEADO,0,6.3
ING-0083,CARNES,COSTILLAR CORTE FOSTER,0,5.2
ING-0084,CARNES,HAMBURGUESA MIXTA CONGELADA 32 UNIDADES,0,9.95
ING-0085,CARNES,HIGADO CERDO,0,1.29
ING-0086,CARNES,HUESO JAMON,0,3.99
ING-0087,CARNES,HUESOS CERDO,0,2
ING-0088,CARNES,JAMON FRESCO ENTERO PIERNA 10-15 K,0,3.99
ING-0089,CARNES,JAMON IBERICO LONCHEADO 400G,0,18.11
ING-0090,CARNES,JAMON SERRANO A TAQUITOS 200 G mercadona,0,2.19
ING-0091,CARNES,JAMON SERRANO EN PIEZA,0,12
ING-0092,CARNES,JAMON SERRANO loncheado,0,13.5
ING-0093,CARNES,JAMON YORK BARRA 3K,0,3.31
ING-0094,CARNES,LOMO CINTA FRESCA,0,6.99
ING-0095,CARNES,"LOMO CERDO IBERICO CONGELADO MAKRO 2,5KG",0,12.95
ING-0096,CARNES,LONGANIZA fresca,0,5.99
ING-0097,CARNES,LONGANIZA MINI,0,6.5
ING-0098,CARNES,MANTECA DE CERDO 400 g,0,1.85
ING-0099,CARNES,MORCILLA IBERICA ACHORIZADA,0,3.36
ING-0100,CARNES,MORCILLA ARROZ/CARNE,0,5
ING-0101,CARNES,MORCILLA OREADA CEBOLLA,0,5
ING-0102,CARNES,MORCILLA CEBOLLA MINI,0,5.98
ING-0103,CARNES,OREJA CERDO,0,3.99
ING-0104,CARNES,PANCETA cortada,0,4.33
ING-0105,CARNES,PAPADA CON PIEL,0,3.99
ING-0106,CARNES,PAPADA CON PIEL IBÉRICA,0,
ING-0107,CARNES,PICADA CERDO 800g MAKRO,0,4.94
ING-0108,CARNES,PICADA MIXTA 800 G MAKRO,0,6.23
ING-0109,CARNES,"PIERNA, PERNIL fresco entero sin piel +/- 12k jose gonzalez",0,3.99
ING-0110,CARNES,"PIES,MANOS CERDO",0,4.99
ING-0111,CARNES,PLUMA CERDO IBÉRICO CONGELADO MAKRO 1K,0,15.75
ING-0112,CARNES,PRESA CERDO IBERICO CONGELADO 1K,0,19.8
ING-0113,CARNES,"REDAÑO,RANDA,TELETA",0,3.99
ING-0114,CARNES,RIÑONES,0,2.99
ING-0115,CARNES,SECRETO CERDO BLANCO,0,6.35
ING-0116,CARNES,SECRETO CERDO IBERICO CONGELADO 1K MAKRO,0,7.3
ING-0117,CARNES,SESOS,0,1.8
ING-0118,CARNES,"SOBRASADA 1,5K",0,6.54
ING-0119,CARNES,SOLOMILLO CERDO IBÉRICO CONGELADO MAKRO 1K,0,9.95
ING-0120,CARNES,SOLOMILLO CERDO MACERADO,0,4.48
ING-0121,CARNES,SOLOMILLO CERDO FRESCO,0,9.99
ING-0122,CARNES,TRIPA PARA EMBUTIR,0,6
ING-0123,CARNES,TOCINO BLANCO,0,2.69
ING-0124,CARNES,TOCINO ENTREVERADO IBERICO( panceta iberica) cervera,0,10.5
ING-0125,CARNES,TOCINO SALADO ENTREVERADO,0,
ING-0126,CARNES,TOCINO IBERICO (panceta iberica) loncheada cervera,0,9.5
ING-0127,CARNES,BRAZUELO DE CORDERO,0,3.99
ING-0128,CARNES,CANAL CORDERO 12K,0,11.99
ING-0129,CARNES,CARRE cuna de cordero lechal congelado,0,9.4
ING-0130,CARNES,CUELLO partido mitad,0,5.6
ING-0131,CARNES,HIGADO,0,8
ING-0132,CARNES,"MEDIO LECHAL CONGELADO 2,7K MAKRO",0,27
ING-0133,CARNES,MOLLEJAS CORDERO CONGELADAS,0,19.99
ING-0134,CARNES,"PALETILLA ENTERA LECHAL CONGELADA 0,9KG 2UNIDADES MAKRO",0,16.95
ING-0135,CARNES,PALETILLA ENTERA RECENTAL CONGELADA 1K MAKRO,0,11.5
ING-0136,CARNES,PECHO ENTERO,0,3.98
ING-0137,CARNES,PICADA DE CORDERO,0,11.49
ING-0138,CARNES,"PIERNA ENTERA LECHAL CONGELADA 1,2K MAKRO",0,15.5
ING-0139,CARNES,"PIERNA ENTERA RECENTAL CONGELADA 1,5K MAKRO",0,16.83
ING-0140,CARNES,RIÑON CORDERO,0,15
ING-0141,CARNES,SESOS DE CORDERO,0,1.5
ING-0142,CARNES,MEDIA CANAL DE CORDERO LECHAL makro,0,10.4
ING-0143,CARNES,JABALI PARA RAGUT carnicas cevera,0,9.5
ING-0144,PESCADO Y MARISCO,ALMEJA FINA 1-2K,0,12.75
ING-0145,PESCADO Y MARISCO,ALMEJA JAPONICA 1-2K makro,0,10.14
ING-0146,PESCADO Y MARISCO,ANGUILA,0,17.9
ING-0147,PESCADO Y MARISCO,ATUN LOMO VACÍO refrigerado 3-5K,0,9.75
ING-0148,PESCADO Y MARISCO,BACALAO LIMPIO cortado descongelado a la sal 500 g,0,5.73
ING-0149,PESCADO Y MARISCO,BERBERECHO 100-150pz,0,13.15
ING-0150,PESCADO Y MARISCO,BESUGO 300G-3K,0,
ING-0151,PESCADO Y MARISCO,"BOGAVANTE FRESCO 0,4-0,6 USA",0,16
ING-0152,PESCADO Y MARISCO,BONITO DEL NORTE 3K,0,10.25
ING-0153,PESCADO Y MARISCO,BOQUERON grande mediterraneo,0,6.1
ING-0154,PESCADO Y MARISCO,"BUEY DE MAR 0,5-0,7 KG",0,11.9
ING-0155,PESCADO Y MARISCO,CABALLA DEL NORTE,0,5.95
ING-0156,PESCADO Y MARISCO,CALAMAR,0,12.3
ING-0157,PESCADO Y MARISCO,CANGREJO DE MAR,0,
ING-0158,PESCADO Y MARISCO,CAÑAILLA de playa,0,5.95
ING-0159,PESCADO Y MARISCO,CARACOL PRECOCIDO 1K,0,4.5
ING-0160,PESCADO Y MARISCO,"CENTOLLO 0,5-0,7 KG",0,8.93
ING-0161,PESCADO Y MARISCO,CHIPI,0,11.5
ING-0162,PESCADO Y MARISCO,CLOCHINA 1K,0,
ING-0163,PESCADO Y MARISCO,CORVINA 2-3K,0,9.75
ING-0164,PESCADO Y MARISCO,DENTON 1-5 K,0,
ING-0165,PESCADO Y MARISCO,DORADA ración nacional 300/400 g,0,2.5
ING-0166,PESCADO Y MARISCO,ERIZOS DE MAR 5K,0,
ING-0167,PESCADO Y MARISCO,ESPARDEÑA 1K,0,
ING-0168,PESCADO Y MARISCO,GALERA,0,9.74
ING-0169,PESCADO Y MARISCO,GALLO 200-1K,0,
ING-0170,PESCADO Y MARISCO,GALLO SAN PEDRO 1-3K,0,
ING-0171,PESCADO Y MARISCO,HUEVAS DE MERLUZA,0,14.35
ING-0172,PESCADO Y MARISCO,JUREL/ TXITXARRO,0,
ING-0173,PESCADO Y MARISCO,LENGUADO FINO 240g-320g /KG,0,17.85
ING-0174,PESCADO Y MARISCO,LENGUADO 300/400,0,5.97
ING-0175,PESCADO Y MARISCO,"LUBINA 0,3-0,4",0,2.1
ING-0176,PESCADO Y MARISCO,MEJILLON GALLEGO 30/40PZ KILO,0,1.95
ING-0177,PESCADO Y MARISCO,MERLUZA PINCHO 2-3K,0,9.75
ING-0178,PESCADO Y MARISCO,MERO GRIS,0,
ING-0179,PESCADO Y MARISCO,"MORRALLA 0,1-0,2",0,3.95
ING-0180,PESCADO Y MARISCO,NAVAJA MEDIANA,0,5.1
ING-0181,PESCADO Y MARISCO,NECORA GALLEGA,0,20.45
ING-0182,PESCADO Y MARISCO,OSTRA PLANA Nº3 CAJA 12P,0,1.95
ING-0183,PESCADO Y MARISCO,PALAYA 1K,0,
ING-0184,PESCADO Y MARISCO,PARGO 1-6K,0,
ING-0185,PESCADO Y MARISCO,PESCADILLA RACION 300 g,0,1.88
ING-0186,PESCADO Y MARISCO,PEZ LIMON,0,
ING-0187,PESCADO Y MARISCO,PULPO PATA cocido 3piezas 300g,0,28
ING-0188,PESCADO Y MARISCO,RAPE COLA BLANCA nacional 2-3k,0,17.25
ING-0189,PESCADO Y MARISCO,RAYA,0,12.75
ING-0190,PESCADO Y MARISCO,RODABALLO nacional 1000/1200 gr,0,11.91
ING-0191,PESCADO Y MARISCO,SALMON 2-3K,0,7.45
ING-0192,PESCADO Y MARISCO,SALMON 4-5k,0,9.4
ING-0193,PESCADO Y MARISCO,SALMONETE de playa,0,6.25
ING-0194,PESCADO Y MARISCO,SARDINA castellon 15-30 pz KG M,0,3.15
ING-0195,PESCADO Y MARISCO,SEPIA sucia FRESCA 400 g unidad,0,11.4
ING-0196,PESCADO Y MARISCO,TELLINA 1K,0,
ING-0197,PESCADO Y MARISCO,TINTA DE SEPIA 8 unidades 32g mercadona,0,1.2
ING-0198,PESCADO Y MARISCO,TRUCHA 200-3K,0,1.83
ING-0199,PESCADO Y MARISCO,ALISTADO GAMBA ROJA PEQUEÑA mercadona PARA AMERICANA,0,14.95
ING-0200,PESCADO Y MARISCO,ALMEJA NEGRA 60/80 C,0,9.28
ING-0201,PESCADO Y MARISCO,ALMENDRITA/CASTAÑITA/CHOPITO 1K,0,5.97
ING-0202,PESCADO Y MARISCO,ATUN LOMO 3-5K,0,11.9
ING-0203,PESCADO Y MARISCO,ATUN VENTRESCA 1K,0,16.55
ING-0204,PESCADO Y MARISCO,BACALAO COCOCHAS,0,13.35
ING-0205,PESCADO Y MARISCO,BACALAO LOMO 2K PUNTO DE SAL,0,12.97
ING-0206,PESCADO Y MARISCO,BACALAO LOMO EXTRA 250/300 MAKRO,0,6.5
ING-0207,PESCADO Y MARISCO,BACALAO LOMO JUMBO 1K,0,9.12
ING-0208,PESCADO Y MARISCO,BACALAO VENTRESCA 2K,0,5.45
ING-0209,PESCADO Y MARISCO,BOGAVANTE CRUDO 350/400 5K 12 PZ,0,107.1
ING-0210,PESCADO Y MARISCO,BOGAVANTE CRUDO 375G,0,8.9
ING-0211,PESCADO Y MARISCO,CAELLA TACO SIN PIEL2-3K ( TINTORERA),0,4.74
ING-0212,PESCADO Y MARISCO,CALAMAR POTA ANILLAS 600 GR,0,5.97
ING-0213,PESCADO Y MARISCO,"CALAMAR INDIO LIMPIO 10/20 1,6KG",0,12.9
ING-0214,PESCADO Y MARISCO,CALAMAR PATAGONICO LIMPIO10/20 800G,0,7.99
ING-0215,PESCADO Y MARISCO,CALAMAR MARRUECOS M/P,0,16.95
ING-0216,PESCADO Y MARISCO,CALAMAR PATAGÓNICO 9-12 CM,0,7.63
ING-0217,PESCADO Y MARISCO,CALAMAR PATAGONICO 12-15 CM,0,5.45
ING-0218,PESCADO Y MARISCO,"CALAMAR TUBO POTA SIN ALA 1,8KG",0,10.2
ING-0219,PESCADO Y MARISCO,CARABINERO 14/19 1-2K,0,53.96
ING-0220,PESCADO Y MARISCO,CARACOLES TIERRA MORO COCIDO,0,7.16
ING-0221,PESCADO Y MARISCO,CARNE BUEY DE MAR COCIDO 500G,0,10.36
ING-0222,PESCADO Y MARISCO,CARNE DE NECORA 1K,0,24.37
ING-0223,PESCADO Y MARISCO,CARNE VIEIRA 8-12PIEZAS 800g,0,29.2
ING-0224,PESCADO Y MARISCO,CAZON,0,
ING-0225,PESCADO Y MARISCO,CIGALA CABEZAS Y PINZAS 2K para fumet,0,4.97
ING-0226,PESCADO Y MARISCO,CIGALA Nº 3 21/30 800 GR,0,9.95
ING-0227,PESCADO Y MARISCO,CIGALA Nº0 8/12 800 GR,0,18.45
ING-0228,PESCADO Y MARISCO,COCOCHA BACALAO,0,
ING-0229,PESCADO Y MARISCO,GALERA CONGELADA 1K MAKRO,0,9.88
ING-0230,PESCADO Y MARISCO,GALLINETA FILETE LIMPIO,0,9.25
ING-0231,PESCADO Y MARISCO,GAMBA GRIEGA ARROCERA 1K,0,7.2
ING-0232,PESCADO Y MARISCO,GAMBA PELADA 30/50 700G,0,7.43
ING-0233,PESCADO Y MARISCO,GAMBON 30/40 2k,0,8.75
ING-0234,PESCADO Y MARISCO,LANGOSTA cruda entera 300/400 La Roca,0,11
ING-0235,PESCADO Y MARISCO,LANGOSTINO 35/42 750G,0,10.61
ING-0236,PESCADO Y MARISCO,LENGUADO 400-425 gramos,0,4.2
ING-0237,PESCADO Y MARISCO,MARRAJO EN RODAJA 150/300 900 G,0,6.68
ING-0238,PESCADO Y MARISCO,MEJILLON COCIDO 900 gramos,0,8.2
ING-0239,PESCADO Y MARISCO,"MERLUZA ENTERA s/cabeza +1,8k volanta",0,9.8
ING-0240,PESCADO Y MARISCO,"MERLUZA RODAJA 70g/120g 1,8 kg",0,7.15
ING-0241,PESCADO Y MARISCO,NECORA CRUDA 6/8 1K,0,10.15
ING-0242,PESCADO Y MARISCO,PANGA,0,
ING-0243,PESCADO Y MARISCO,"PEZ ESPADA RODAJA 1,8K",0,13.4
ING-0244,PESCADO Y MARISCO,PULPITO CRUDO 41/60 1K,0,7.76
ING-0245,PESCADO Y MARISCO,PULPO CRUDO GALLEGO varios calibres,0,16.95
ING-0246,PESCADO Y MARISCO,PUNTILLA CHINA CONGELADA 900G miroca,0,3.8
ING-0247,PESCADO Y MARISCO,"RAPE CABEZA 1,6KG FUMET",0,4.11
ING-0248,PESCADO Y MARISCO,RAPE CACHETES GRAN SOL 1K,0,18.62
ING-0249,PESCADO Y MARISCO,RAPE COLA CHINA 150-200G,0,3.46
ING-0250,PESCADO Y MARISCO,"RAPE COLA CHINA 300/500G bolsa de 1,6k",0,6.53
ING-0251,PESCADO Y MARISCO,RAPE SIN CABEZA GRAN SOL 2-4KG,0,16.95
ING-0252,PESCADO Y MARISCO,SEPIA MARRUECOS 250/400 PZ 2K,0,19.77
ING-0253,PESCADO Y MARISCO,SURIMI 1K,0,3.98
ING-0254,PESCADO Y MARISCO,TINTA sepia 50 UN x 4g,0,6.51
ING-0255,PESCADO Y MARISCO,VIEIRA CON CONCHA 8-10 1K,0,15.88
ING-0256,PESCADO Y MARISCO,VIEIRA CARNE SOLO 10 PZA 800 G miroca,0,8.9
ING-0257,PESCADO Y MARISCO,ANCHOAS GIRASOL 260G makro,0,4.52
ING-0258,PESCADO Y MARISCO,BACALAda SALAZON FILETON,0,14.75
ING-0259,PESCADO Y MARISCO,BACALAO marinado AHUMADO EN ACEITE mercadona 110 G,0,2.3
ING-0260,PESCADO Y MARISCO,BACALAO CALLOS SALMUERA 500G,0,10.39
ING-0261,PESCADO Y MARISCO,BACALAO COCOCHAS 400 G,0,5.9
ING-0262,PESCADO Y MARISCO,BACALAO MIGAS 1k makro,0,11.7
ING-0263,PESCADO Y MARISCO,BERBERECHOS 120ML,0,2.2
ING-0264,PESCADO Y MARISCO,CAPELLANS 1K,0,9.54
ING-0265,PESCADO Y MARISCO,CAVIAR ROJO SUCEDANEO 300 G,0,10.29
ING-0266,PESCADO Y MARISCO,COPOS DE BONITO DESHIDRATADOS,0,
ING-0267,PESCADO Y MARISCO,HIGADO BACALAO,0,3.5
ING-0268,PESCADO Y MARISCO,HUEVAS DE LUMPO NEGRO 100G makro,0,4.07
ING-0269,PESCADO Y MARISCO,HUEVAS DE SALMÓN 100G MAKRO,0,10.24
ING-0270,PESCADO Y MARISCO,HUEVAS DE TRUCHA 100G,0,12.37
ING-0271,PESCADO Y MARISCO,SALMON AHUMADO 250G,0,7.5
ING-0272,PESCADO Y MARISCO,SALMON AHUMADO HORECA +1K,0,23.7
ING-0273,PESCADO Y MARISCO,SURIMI FRESCO KRISSIA 400G,0,4.62
ING-0274,PESCADO Y MARISCO,TONYINA DE SORRA EN ACEITE 500 g escurrido mercadona,0,4.8
ING-0275,PESCADO Y MARISCO,SARDINA DE BOTA saladas y prensadas 320 gramos,0,5.63
ING-0276,VERDURAS,ACEDERA,0,
ING-0277,VERDURAS,ACELGA,0,1.25
ING-0278,VERDURAS,ACELGA BAY ROJA 400 G,0,4.73
ING-0279,VERDURAS,ACELGA ROJA,0,
ING-0280,VERDURAS,ACHICORIA /RADICCIO,0,1.4
ING-0281,VERDURAS,AJEDREA,0,
ING-0282,VERDURAS,AJETE CHINO/cebolla tierna china,0,0.95
ING-0283,VERDURAS,AJO NEGRO,0,3.95
ING-0284,VERDURAS,AJO SECO 1K,0,3.9
ING-0285,VERDURAS,AJO TIERNO 200 gramos,0,1.65
ING-0286,VERDURAS,ALBAHACA 125G,0,1.5
ING-0287,VERDURAS,ALCACHOFA,0,3.3
ING-0288,VERDURAS,ALCACHOFA MORADA,0,0
ING-0289,VERDURAS,ALGA AGAR AGAR EN COPOS,0,
ING-0290,VERDURAS,ALGA CODIUM,0,
ING-0291,VERDURAS,ALGA ESPAGUETI DE MAR/ CODIUM,0,14.7
ING-0292,VERDURAS,ALGA LECHUGA DE MAR SALAZON,0,
ING-0293,VERDURAS,APIO RAIZ,0,1.1
ING-0294,VERDURAS,APIO RAMA 750 g,0,0.73
ING-0295,VERDURAS,BABY LEAF mix ensaladas 300 G,0,2.45
ING-0296,VERDURAS,BATAVIA,0,2.5
ING-0297,VERDURAS,BERENJENA,0,2.1
ING-0298,VERDURAS,BERROS 100 G,0,1.9
ING-0299,VERDURAS,BERZA/COL RIZADA,0,1.15
ING-0300,VERDURAS,BIMI 250G,0,2.6
ING-0301,VERDURAS,BONIATO/ BATATA,0,1.35
ING-0302,VERDURAS,BRÓCOLI 400 g,0,1.7
ING-0303,VERDURAS,"BROTES SAKURA MIX 1,6KG makro",0,17.93
ING-0304,VERDURAS,BULBO DE HINOJO,0,0.86
ING-0305,VERDURAS,CALABACIN VERDE,0,0.95
ING-0306,VERDURAS,CALABAZA CHATA,0,0.55
ING-0307,VERDURAS,CALÇOT 25PZ,0,5.5
ING-0308,VERDURAS,CANONIGOS 100 G sh levante,0,1.35
ING-0309,VERDURAS,CARDO,0,1.25
ING-0310,VERDURAS,CEBOLLA,0,0.52
ING-0311,VERDURAS,CEBOLLA CHALOTA PELADA 250G,0,1.2
ING-0312,VERDURAS,CEBOLLA MORADA 1K,0,0.95
ING-0313,VERDURAS,CEBOLLETA TIERNA BLANCA,0,0.95
ING-0314,VERDURAS,CEBOLLINO 125,0,1.55
ING-0315,VERDURAS,CEBOLLITA GUARNICION,0,1.45
ING-0316,VERDURAS,CHAMPIÑÓN K,0,2.7
ING-0317,VERDURAS,CHAMPIÑON PORTOBELLO,0,4.55
ING-0318,VERDURAS,CHILE HABANERO VERDE,0,
ING-0319,VERDURAS,CHIRIVIA,0,2.2
ING-0320,VERDURAS,CHOI SUM ( ACELGA CHINA),0,0.6
ING-0321,VERDURAS,CILANTRO 125G,0,1.43
ING-0322,VERDURAS,CITRONELA LEMON-GRAS 300G,0,8.5
ING-0323,VERDURAS,COGOLLOS TUDELA 3PIEZAS,0,0.93
ING-0324,VERDURAS,COL CHINA,0,1.5
ING-0325,VERDURAS,COL DE BRUSELAS 1K,0,1.98
ING-0326,VERDURAS,COL KALE,0,2.85
ING-0327,VERDURAS,COL LOMBARDA PIEZA +/-2K,0,1.89
ING-0328,VERDURAS,COL REPOLLO LISO 1PIEZA 2K,0,1.68
ING-0329,VERDURAS,COL REPOLLO RIZADO,0,1.15
ING-0330,VERDURAS,COLI NABO/COLIRABANO,0,2.55
ING-0331,VERDURAS,COLIFLOR MORADA,0,3.97
ING-0332,VERDURAS,COLIFLOR unidades,0,1.3
ING-0333,VERDURAS,DIENTE DE LEON,0,
ING-0334,VERDURAS,ENDIVIA BLANCA 700G,0,1.88
ING-0335,VERDURAS,ENDIVIA ROJA 300G,0,3.2
ING-0336,VERDURAS,ENELDO 125G,0,1.25
ING-0337,VERDURAS,ESCAROLA FRISSE 500G,0,1.65
ING-0338,VERDURAS,ESPARRAGO BLANCO 25u=2k,0,18
ING-0339,VERDURAS,ESPARRAGO VERDE FINO,0,1.98
ING-0340,VERDURAS,ESPARRAGO VERDE jumbo 250 G,0,4.55
ING-0341,VERDURAS,ESPINACAS ENTERAS,0,1.45
ING-0342,VERDURAS,ESTRAGON 125G,0,1.8
ING-0343,VERDURAS,FLOR DE CALABACIN 10 UNIDADES,0,11
ING-0344,VERDURAS,FLORES MIX 20G makro,0,5.94
ING-0345,VERDURAS,FLORES PENSAMIENTOS 30 UNID,0,4.35
ING-0346,VERDURAS,GALANGA,0,2
ING-0347,VERDURAS,GARROFON,0,3.1
ING-0348,VERDURAS,GERMINADO DE ALFALFA 80G makro,0,1.21
ING-0349,VERDURAS,GERMINADO DE COL ROJA 95G makro,0,2.5
ING-0350,VERDURAS,GERMINADO DE SOJA,0,
ING-0351,VERDURAS,GERMINADO RABANO 95 G,0,6.95
ING-0352,VERDURAS,GERMINADO REMOLACHA sh,0,2.75
ING-0353,VERDURAS,GERMINADO WASABI,0,0
ING-0354,VERDURAS,GRELOS,0,1.85
ING-0355,VERDURAS,GUISANTE FRESCO TEMPORADA,0,19.05
ING-0356,VERDURAS,HABAS,0,
ING-0357,VERDURAS,HIERBA LUISA,0,
ING-0358,VERDURAS,HIERBABUENA 125G,0,2.76
ING-0359,VERDURAS,HINOJO DE MAR,0,
ING-0360,VERDURAS,HINOJO hierba fresca aromatica,0,
ING-0361,VERDURAS,HOJA DE ROBLE,0,0.95
ING-0362,VERDURAS,HOJA LIMA KAFFIR 100 GR,0,3.25
ING-0363,VERDURAS,ICEBERG,0,0.95
ING-0364,VERDURAS,JENGIBRE,0,2.85
ING-0365,VERDURAS,JUDIA SUGAR SNAP,0,1
ING-0366,VERDURAS,JUDIA TAVELLA,0,6.9
ING-0367,VERDURAS,JUDIA VERDE PERONA,0,3.05
ING-0368,VERDURAS,JUDIA VERDE PLANA ROCHET,0,4.95
ING-0369,VERDURAS,JUDIA VERDE REDONDA BOBY,0,5.75
ING-0370,VERDURAS,LAUREL,0,
ING-0371,VERDURAS,LECHUGA ROMANA 2UN,0,1.85
ING-0372,VERDURAS,LOLLO ROSSO,0,1.04
ING-0373,VERDURAS,MAIZ MAZORCA,0,
ING-0374,VERDURAS,MEJORANA,0,
ING-0375,VERDURAS,MELISA,0,
ING-0376,VERDURAS,MENTA 125G,0,1.25
ING-0377,VERDURAS,MERTENSIA ( hoja ostra) 35unidades,0,18.05
ING-0378,VERDURAS,MICROBROTE MIZUMA 100 g,0,6.95
ING-0379,VERDURAS,MICROBROTE RABANO 50 G,0,6.95
ING-0380,VERDURAS,MICROBROTE TATSOI 50G,0,3.95
ING-0381,VERDURAS,MICROBROTE ZANAHORIA 50G,0,3.95
ING-0382,VERDURAS,MICROMEZCLUM SUAVE 60G,0,3.95
ING-0383,VERDURAS,MUSGO DE IRLANDA FRESCO 500G,0,9.65
ING-0384,VERDURAS,NABO BLANCO,0,1.25
ING-0385,VERDURAS,NABO DAIKON,0,1.95
ING-0386,VERDURAS,NAPICOL,0,2.1
ING-0387,VERDURAS,ÑAME,0,0.9
ING-0388,VERDURAS,ÑORAS +/-400G,0,10.85
ING-0389,VERDURAS,OREGANO,0,
ING-0390,VERDURAS,OXALIS FLOR,0,4.5
ING-0391,VERDURAS,PACK CHOI,0,3.05
ING-0392,VERDURAS,PATATA AGRIA CEPILLADA 25K,0,0.82
ING-0393,VERDURAS,PATATA MINI TORNEAR,0,3.2
ING-0394,VERDURAS,PATATA RATTE,0,3.8
ING-0395,VERDURAS,PATATA VIOLETTE 1K,0,3.95
ING-0396,VERDURAS,PEPINO,0,1.55
ING-0397,VERDURAS,PEREJIL,0,0.6
ING-0398,VERDURAS,PEREJIL RIZADO,0,1.5
ING-0399,VERDURAS,PERIFOLLO,0,1.5
ING-0400,VERDURAS,PETALOS DE ROSA makro,0,6.83
ING-0401,VERDURAS,PIMIENTO AMARILLO,0,2.1
ING-0402,VERDURAS,PIMIENTO ITALIANO FREIR,0,1.4
ING-0403,VERDURAS,PIMIENTO JALAPEÑO VERDE,0,2.6
ING-0404,VERDURAS,PIMIENTO LAMUYO ROJO ASAR,0,1.95
ING-0405,VERDURAS,PIMIENTO LAMUYO VERDE ASAR,0,1.1
ING-0406,VERDURAS,PIMIENTO PADRÓN,0,3.45
ING-0407,VERDURAS,PUERRO 500- 700G/UNIDAD,0,0.73
ING-0408,VERDURAS,RABANITO CON HOJA,0,0.7
ING-0409,VERDURAS,RAIZ DE LOTO,0,11.85
ING-0410,VERDURAS,REBOZUELO 250G,0,18.3
ING-0411,VERDURAS,REGALIZ,0,2
ING-0412,VERDURAS,REMOLACHA COCIDA 500G,0,1.05
ING-0413,VERDURAS,REMOLACHA FRESCA,0,0.95
ING-0414,VERDURAS,"ROBELLON,NISCALO",0,18.3
ING-0415,VERDURAS,ROMANA LECHUGA,0,2
ING-0416,VERDURAS,ROMANESCU,0,3.1
ING-0417,VERDURAS,ROMERO 100G,0,1.25
ING-0418,VERDURAS,RUCULA 250G,0,1.35
ING-0419,VERDURAS,RUIBARBO +/- 6 pencas,0,10
ING-0420,VERDURAS,seta de san jorge o perrechico,0,
ING-0421,VERDURAS,SALSIFIS,0,3.9
ING-0422,VERDURAS,SALVIA 125G,0,2.53
ING-0423,VERDURAS,SETA TROMPETA MUERTE seca250G,0,18.5
ING-0424,VERDURAS,SETA CARDO,0,5.5
ING-0425,VERDURAS,SETA COLMENILLA seca 100 g,0,50.4
ING-0426,VERDURAS,SETA ERYNGII / FALSO CEP BOLETUS,0,12.5
ING-0427,VERDURAS,SETA ENOKITAKE 125G,0,1.25
ING-0428,VERDURAS,SETA LENGUA DE VACA,0,9.16
ING-0429,VERDURAS,SETA SHIITAKE 1K,0,8.5
ING-0430,VERDURAS,SISHO VERDE HOJAS 12 unidades,0,3.96
ING-0431,VERDURAS,SOJA BROTES 200 G,0,1.35
ING-0432,VERDURAS,TIRABEQUE,0,11.45
ING-0433,VERDURAS,TOMATE CHERRY AMARILLO 250G,0,0.35
ING-0434,VERDURAS,TOMATE CHERRY PERA,0,2.5
ING-0435,VERDURAS,TOMATE CHERRY REDONDO,0,2.67
ING-0436,VERDURAS,"TOMATE GUARNICIÓN ( daniela,canario)",0,1.45
ING-0437,VERDURAS,TOMATE KUMATO,0,3.8
ING-0438,VERDURAS,TOMATE PERA ROJO,0,1.2
ING-0439,VERDURAS,TOMATE RAF ENSALADA,0,3.98
ING-0440,VERDURAS,TOMATE VALENCIANO,0,3.45
ING-0441,VERDURAS,seta marzuelo,0,
ING-0442,VERDURAS,TOMILLO 125G,0,1.4
ING-0443,VERDURAS,TROCADERO LECHUGA 2PIEZAS,0,2.36
ING-0444,VERDURAS,YUCA,0,1.65
ING-0445,VERDURAS,ZANAHORIA,0,0.69
ING-0446,VERDURAS,ZANAHORIA EN HOJAS MINI,0,1.85
ING-0447,VERDURAS,ZANAHORIA MINI 200G,0,5.55
ING-0448,VERDURAS,ALCACHOFA CORTADA 1K,0,4.85
ING-0449,VERDURAS,AGUACATE A DADOS 1K,0,7.9
ING-0450,VERDURAS,BOLETUS ENTEROS CONGELADOS 750G,0,13.34
ING-0451,VERDURAS,BOLETUS TROCEADO CONGELADOS,0,14.15
ING-0452,VERDURAS,CARDO TROCEADO 450 G mercadona,0,1.55
ING-0453,VERDURAS,COLMENILLAS 500G,0,11.99
ING-0454,VERDURAS,EDAMAME 400G,0,1.79
ING-0455,VERDURAS,ESPARRAGO VERDE 1K,0,7.39
ING-0456,VERDURAS,"ESPINACA 2,5K",0,1.31
ING-0457,VERDURAS,"GARROFON 2,5K",0,3.3
ING-0458,VERDURAS,GARROFON 200 G FINDUS,0,0.97
ING-0459,VERDURAS,"GUISANTE 2,5K",0,1.61
ING-0460,VERDURAS,"HABAS FINAS 2,5K",0,3.04
ING-0461,VERDURAS,JUDIA VERDE,0,1.36
ING-0462,VERDURAS,MANGO A DADOS,0,7.54
ING-0463,VERDURAS,MIX SETAS 1K,0,2.49
ING-0464,VERDURAS,SETA SHITAKE 1K,0,6.55
ING-0465,VERDURAS,VERDURA PAELLA,0,2.99
ING-0466,FRUTA,AGUACATE 1K,0,5.4
ING-0467,FRUTA,ALBARICOQUE (ABRIL-JUNIO),0,
ING-0468,FRUTA,ARANDANO 125G,0,2.3
ING-0469,FRUTA,CALABAZA CHATA,0,1.3
ING-0470,FRUTA,CARAMBOLA,0,
ING-0471,FRUTA,CASTAÑA ( SEPT-DIC),0,6.5
ING-0472,FRUTA,CAVIAR CÍTRICO (FINGER LIME),0,55.5
ING-0473,FRUTA,CEREZAS,0,
ING-0474,FRUTA,CHUFA SECA,0,5.5
ING-0475,FRUTA,CIRUELA ROJA,0,2.36
ING-0476,FRUTA,COCO FRESCO,0,1.15
ING-0477,FRUTA,FRAMBUESA 125G,0,2.5
ING-0478,FRUTA,FRESON FRESCO,0,3.85
ING-0479,FRUTA,FRUTA DE LA PASION,0,13.25
ING-0480,FRUTA,GRANADA,0,1.85
ING-0481,FRUTA,GROSELLA ROJA 125G,0,4.98
ING-0482,FRUTA,GUAYABA,0,
ING-0483,FRUTA,HIGO ( SEPT-OCT),0,2.5
ING-0484,FRUTA,KAKI persimon,0,2.25
ING-0485,FRUTA,KIWI VERDE 1k,0,2.15
ING-0486,FRUTA,KUMKUAT 300G,0,3.36
ING-0487,FRUTA,LIMA,0,1.95
ING-0488,FRUTA,LIMON,0,1.65
ING-0489,FRUTA,LITCHIES ( NOV-ENE),0,
ING-0490,FRUTA,MANDARINA,0,0.95
ING-0491,FRUTA,MANGO,0,4.45
ING-0492,FRUTA,MANZANA GOLDEN,0,1.45
ING-0493,FRUTA,MANZANA GRANNY,0,1.6
ING-0494,FRUTA,MANZANA REINETA,0,1.85
ING-0495,FRUTA,MANZANA ROYAL GALA ( ROJA),0,1.75
ING-0496,FRUTA,MARACUYA,0,13.25
ING-0497,FRUTA,MELOCOTON AMARILLO ( MAYO),0,2.3
ING-0498,FRUTA,"MELON GALIA 1,2k",0,2.18
ING-0499,FRUTA,MELON PIEL DE SAPO,0,1.3
ING-0500,FRUTA,MEMBRILLO ( OCT-ENERO),0,3.2
ING-0501,FRUTA,MORA 125G,0,3.3
ING-0502,FRUTA,NARANJA mesa,0,1.9
ING-0503,FRUTA,NARANJA SANGUINA,0,1.45
ING-0504,FRUTA,NECTARINA ( MAYO),0,
ING-0505,FRUTA,NISPERO ( ABRIL-MAYO),0,
ING-0506,FRUTA,PAPAYA,0,4.5
ING-0507,FRUTA,PERA BLANQUILLA,0,0.95
ING-0508,FRUTA,PERA CONFERENCIA,0,1.55
ING-0509,FRUTA,PHYSALIS 80G,0,1.6
ING-0510,FRUTA,PIÑA,0,2.9
ING-0511,FRUTA,PITAHAYA ROJA pieza 300-500 g,0,9.93
ING-0512,FRUTA,PLATANO CANARIAS,0,1.85
ING-0513,FRUTA,PLATANO MACHO,0,1.45
ING-0514,FRUTA,POMELO ROSA,0,1.55
ING-0515,FRUTA,SANDIA RALLADA SIN PEPITAS,0,1.55
ING-0516,FRUTA,TAMARINDO 150g,0,1.69
ING-0517,FRUTA,UVA BLANCA,0,4.95
ING-0518,FRUTA,UVA ROJA,0,2.6
ING-0519,FRUTA,YUZU ( OCT-DIC),0,
ING-0520,PASTELERIA,ACETATO ROLLO8 CM X 50 M,0,13
ING-0521,PASTELERIA,AGAR AGAR,0,
ING-0522,PASTELERIA,AGUA DE AZAHAR 1L,0,4.31
ING-0523,PASTELERIA,ALBARICOQUE mitad congelado,0,9.82
ING-0524,PASTELERIA,ALBUMINA EN POLVO 5OO G SOSA,0,26
ING-0525,PASTELERIA,ALMENDRA ENTERA REPELEDA,0,7.79
ING-0526,PASTELERIA,ALMENDRA FILETEADA 1K,0,12
ING-0527,PASTELERIA,ALMENDRA GRANILLO,0,6.93
ING-0528,PASTELERIA,ANACARDO CRUDO 150G,0,16
ING-0529,PASTELERIA,ALMENDRA MOLIDA MARCONA,0,5.92
ING-0530,PASTELERIA,ARANDANO CONGELADO 1k,0,10.36
ING-0531,PASTELERIA,AROMA DE VAINILLA 125 ML,0,7.75
ING-0532,PASTELERIA,AVELLANAS REPELADO TOSTADO 1K,0,12.21
ING-0533,PASTELERIA,AZUCAR ANTIAPELMA GLAS 1K,0,4.06
ING-0534,PASTELERIA,AZUCAR ANTIAPELMA.15kg,0,1.27
ING-0535,PASTELERIA,AZUCAR ANTIHUMEDAD 5K,0,2.43
ING-0536,PASTELERIA,AZUCAR BLANQUILLA,0,0.87
ING-0537,PASTELERIA,AZÚCAR ISOMALT800G,0,8.74
ING-0538,PASTELERIA,AZUCAR MORENO,0,1.99
ING-0539,PASTELERIA,BANDEJA 16X23,0,
ING-0540,PASTELERIA,BANDEJA BLANCA CARTON 30X40,0,14.5
ING-0541,PASTELERIA,BANDEJA DORADA 25X27cm 100U,0,8.33
ING-0542,PASTELERIA,BANDEJA DORADAnº3 12 X 19 100U,0,5.79
ING-0543,PASTELERIA,BANDEJAS 32 CM,0,
ING-0544,PASTELERIA,BICARBONATO SODICO 950 G,0,2.67
ING-0545,PASTELERIA,BLONDAS 18 CM,0,
ING-0546,PASTELERIA,BLONDAS/ RODAL 32 CM 100 UNID,0,4.01
ING-0547,PASTELERIA,CABELLO ANGEL,0,
ING-0548,PASTELERIA,CACAHUETE REPELADO crudo,0,3.64
ING-0549,PASTELERIA,CACAO POLVO,0,10.22
ING-0550,PASTELERIA,CAJA CON VENTANA 20X15X7 50U,0,16
ING-0551,PASTELERIA,CAJA cuadrada TARTA 28x28x8 50u,0,28.22
ING-0552,PASTELERIA,CAJA HEXAGONAL C/ASAS 23CM 50U,0,27.69
ING-0553,PASTELERIA,CANELA MOLIDA 710 G,0,4.62
ING-0554,PASTELERIA,CANELA RAMA 150 G bote,0,5.85
ING-0555,PASTELERIA,CAPSULAS MADALENAS papel mercadona,0,0.02
ING-0556,PASTELERIA,CARGAS SIFON 24Unida,0,14.3
ING-0557,PASTELERIA,CARGAS SODA 10UN,0,4.91
ING-0558,PASTELERIA,CASTAÑA CONGELADA 1k,0,16.55
ING-0559,PASTELERIA,CHOCOLATE/COBERTURA BLANCO SIN AZUCAR,0,14.56
ING-0560,PASTELERIA,CIRUELA PASA/SECA S/HUESO1K,0,7.29
ING-0561,PASTELERIA,CLARA PASTEURIZADA,0,2.59
ING-0562,PASTELERIA,Cobertura blanca SICAO,0,7.5
ING-0563,PASTELERIA,Cobertura leche SICAO,0,7.58
ING-0564,PASTELERIA,Cobertura negra SICAO,0,6.84
ING-0565,PASTELERIA,COBERTURA NEGRA BARRY MEJICO 66% 1K,0,15.95
ING-0566,PASTELERIA,COCO EN POLVO,0,
ING-0567,PASTELERIA,COCO RALLADO,0,4.29
ING-0568,PASTELERIA,COLORANTE Amarillo huevo PASTA 200G,0,11.33
ING-0569,PASTELERIA,COLORANTE BLANCO PASTA COSMO,0,10.42
ING-0570,PASTELERIA,COLORANTE MARRON PASTA 200G,0,12.05
ING-0571,PASTELERIA,COLORANTE NARANJA PASTA 200 G,0,11.42
ING-0572,PASTELERIA,COLORANTE NEGRO PASTA 200 G,0,
ING-0573,PASTELERIA,COLORANTE ROJO PASTA 200G,0,12.67
ING-0574,PASTELERIA,COLORANTE VERDE PASTA 200G,0,12.86
ING-0575,PASTELERIA,COLORANTE VIOLETA PASTA (AZUL),0,11.62
ING-0576,PASTELERIA,COLORANTEAMARILLO LIMÓN PASTA 200g,0,9.71
ING-0577,PASTELERIA,CONFITURA FRAMBUESA 3K,0,7.15
ING-0578,PASTELERIA,DÁTIL SIN HUESO,0,4.71
ING-0579,PASTELERIA,DEXTROSA 600g,0,2.63
ING-0580,PASTELERIA,DISCO DORADA 21cm redonda 100 U,0,18.88
ING-0581,PASTELERIA,DISCO ORO BOR LISO 26 CM,0,19.2
ING-0582,PASTELERIA,DULCE BONIATO,0,
ING-0583,PASTELERIA,FARTONS,0,
ING-0584,PASTELERIA,FIDEO CHOCOLATE 1K,0,5.67
ING-0585,PASTELERIA,FRAMBUESA congelada,0,7.25
ING-0586,PASTELERIA,FRAMBUESA BRISURA congelada,0,
ING-0587,PASTELERIA,FRESA LIOFILIZADA 50G,0,6.35
ING-0588,PASTELERIA,FRESÓN CONGELADO 1K,0,8.18
ING-0589,PASTELERIA,FRUTAS BOSQUE COCTEL CONGELADO 1K,0,10.82
ING-0590,PASTELERIA,GASIFICANTE REPOST.IMPULSOR,0,0.35
ING-0591,PASTELERIA,"GEL BRILLO CUBO 1,4K",0,3.87
ING-0592,PASTELERIA,GELATINA HOJAS 1K,0,25.77
ING-0593,PASTELERIA,GLUCOSA 3K,0,1.78
ING-0594,PASTELERIA,GUINDAS ROJAS 160g,0,1.3
ING-0595,PASTELERIA,HARINA CENTENO 5K,0,0.97
ING-0596,PASTELERIA,HARINA DE CENTENO INTEGRAL 5K,0,1
ING-0597,PASTELERIA,HARINA DE MEDIA FUERZA,0,0.52
ING-0598,PASTELERIA,HARINA ESPECIAL 80W,0,0.52
ING-0599,PASTELERIA,HARINA FLOJA 25 K,0,0.52
ING-0600,PASTELERIA,HARINA FUERZA 25 K,0,0.65
ING-0601,PASTELERIA,HARINA INTEGRAL TRIGO 5K,0,0.72
ING-0602,PASTELERIA,HIGO SECO,0,5
ING-0603,PASTELERIA,HORCHATA CONCENTRADA,0,
ING-0604,PASTELERIA,HUEVO ENTERO PASTEURIZADO,0,3.88
ING-0605,PASTELERIA,HUEVOS,0,1.24
ING-0606,PASTELERIA,HUEVOS CODORNIZ,0,1.32
ING-0607,PASTELERIA,KEFIR 500 g,0,1.69
ING-0608,PASTELERIA,LECHE CONDENSADA 450 G,0,2.1
ING-0609,PASTELERIA,LECHE DE COCO 1 LT DIEXPA,0,4.05
ING-0610,PASTELERIA,LECHE ENTERA,0,0.59
ING-0611,PASTELERIA,LECHE ENTERA DOBLE CREMA CAPUCHINO,0,1.05
ING-0612,PASTELERIA,LECHE EVAPORADA 525 G,0,2.05
ING-0613,PASTELERIA,LECHE SOJA SIN AZUCARES,0,0.8
ING-0614,PASTELERIA,LEVADURA CERVEZA 125 G,0,3.5
ING-0615,PASTELERIA,LEVADURA FRESCA MAKRO 2X25G 20 UD,0,8.06
ING-0616,PASTELERIA,LEVADURA EN POLVO/SECA 60 GX 5UD,0,4.9
ING-0617,PASTELERIA,LEVADURA QUIMICA ROYAL 900G makro,0,5.19
ING-0618,PASTELERIA,MACADAMIA,0,
ING-0619,PASTELERIA,"MAIZENA 2,5K",0,9.59
ING-0620,PASTELERIA,MANGAS DESECHABLES 40cm 100u,0,6.88
ING-0621,PASTELERIA,MANGAS DESECHABLES 55cm 100u,0,9.98
ING-0622,PASTELERIA,MANTECA CACAO 1K barry,0,23.32
ING-0623,PASTELERIA,MANTEQUILLA 1K,0,6.22
ING-0624,PASTELERIA,MANTEQUILLA HOJALDRE 12K,0,4.47
ING-0625,PASTELERIA,MARGARINA,0,2
ING-0626,PASTELERIA,"MEJORANTE PANARIO 7,5k",0,3.48
ING-0627,PASTELERIA,MEMBRILLO 310G,0,3.75
ING-0628,PASTELERIA,MERMELADA DE ARANDANOS 1K makro,0,6.92
ING-0629,PASTELERIA,MERMELADA DE NARANJA AMARGA 800 g makro,0,4.9
ING-0630,PASTELERIA,MERMELADA F. BOSQUE,0,1.23
ING-0631,PASTELERIA,MERMELADA FRESA decofrut DIEXPA 3K,0,7.14
ING-0632,PASTELERIA,MERMELADA ALBARICOQUE 800G makro,0,4.9
ING-0633,PASTELERIA,MORAS congelada MAKRO,0,4.5
ING-0634,PASTELERIA,NATA AGRIA 500 G,0,2.95
ING-0635,PASTELERIA,NATA COCINAR (1L.),0,2.83
ING-0636,PASTELERIA,NATA MONTAR ( 1L.),0,2.86
ING-0637,PASTELERIA,NEULA OBLEAS,0,11.43
ING-0638,PASTELERIA,NUECES DE PECAN 600 GR,0,15.99
ING-0639,PASTELERIA,NUECES MONDADA 1K,0,10.73
ING-0640,PASTELERIA,OREJONES 1K,0,7.69
ING-0641,PASTELERIA,PAN BARRA TRADICIONAL 250G DIEXPA 27 uni,0,14.84
ING-0642,PASTELERIA,PAN COLORES MINI HAMBURGUESA 195 G X 15 UNI,0,2.73
ING-0643,PASTELERIA,PAN DE ORO 25U,0,74.5
ING-0644,PASTELERIA,PAN HAMBURGUESA SESAMO 12 UND,0,2.62
ING-0645,PASTELERIA,PAN MINI HAMBURGUESA 260 G X 12 UNI,0,1.6
ING-0646,PASTELERIA,PAN MINI PITA PRECOCIDO 432G,0,5.15
ING-0647,PASTELERIA,PAN PRECOCINADO CHAPATA,0,
ING-0648,PASTELERIA,PAN PRECOCINADO MEDIA BAGUETTE 130G MAKRO,0,0.399
ING-0649,PASTELERIA,PAN PRECOCINADO PULGITA 48G 20 U MAKRO,0,0.225
ING-0650,PASTELERIA,PAN ROMBO PINCHO ORIO 30 UN MAKRO,0,0.42
ING-0651,PASTELERIA,PAPEL ENVOLVER polvorones,0,11.51
ING-0652,PASTELERIA,PAPEL SULFUROSO SILICONADO 60X40 500 H,0,18.62
ING-0653,PASTELERIA,PASAS SIN SEMILLA SULTANAS DIEXPA,0,3.36
ING-0654,PASTELERIA,PASTA AVELLANAS 1K,0,11.07
ING-0655,PASTELERIA,PIÑONES CHINOS 1K DIEXPA,0,32.17
ING-0656,PASTELERIA,PIPAS DE CALABAZA 1k,0,5.29
ING-0657,PASTELERIA,PISTACHO PELADO CRUDO 500G MAKRO,0,18.07
ING-0658,PASTELERIA,PISTACHOS REPELADO 1K DIEXPA,0,37.57
ING-0659,PASTELERIA,PRALINÉ DE ALMENDRA 1K,0,8.71
ING-0660,PASTELERIA,"PRALINE DE AVELLANAS 1,9K",0,14.65
ING-0661,PASTELERIA,"PRALINE/CROCANTI DE SOJA 3,5KG",0,2.83
ING-0662,PASTELERIA,PURE ALBARICOQUE 1K,0,
ING-0663,PASTELERIA,PURE DE FRAMBUESA 1K,0,9.78
ING-0664,PASTELERIA,PURE HIGOS 1K,0,10.64
ING-0665,PASTELERIA,PURE MANGO 1KG,0,10.18
ING-0666,PASTELERIA,PURE MARACUYA 1K,0,10.82
ING-0667,PASTELERIA,QUESO AZUL 100GX3,0,5.62
ING-0668,PASTELERIA,QUESO AZUL DESMIGADO1K,0,8.08
ING-0669,PASTELERIA,QUESO BARRA EDAM 3K,0,6.15
ING-0670,PASTELERIA,QUESO CAMENBERT 250G,0,2.1
ING-0671,PASTELERIA,QUESO CREMA 3K SAN MILLAN,0,5.66
ING-0672,PASTELERIA,QUESO RALLADO EMMENTAL,0,6.64
ING-0673,PASTELERIA,QUESO FETA 200G,0,2.54
ING-0674,PASTELERIA,QUESO FRESCO BURGOS 1k gm cash,0,4.45
ING-0675,PASTELERIA,QUESO GORGONZOLA 170 g mercadona,0,1.62
ING-0676,PASTELERIA,QUESO GRUYERE mercadona 200 G,0,2.6
ING-0677,PASTELERIA,QUESO HAVARTI,0,4.18
ING-0678,PASTELERIA,QUESO MANCHEGO CURADO CUÑA 400g,0,5.69
ING-0679,PASTELERIA,QUESO MANCHEGO SEMICURADO,0,
ING-0680,PASTELERIA,QUESO MASCARPONE 500 G,0,4.16
ING-0681,PASTELERIA,QUESO MOZZARELLA FRESCO 125g,0,1.7
ING-0682,PASTELERIA,QUESO MOZZARELLA RALLADA 1K,0,6.7
ING-0683,PASTELERIA,QUESO PARMESANO CUÑA 250G,0,5.75
ING-0684,PASTELERIA,QUESO PHILADELPHIA 2KG,0,15.69
ING-0685,PASTELERIA,QUESO PHILADELPHIA 350G,0,2.94
ING-0686,PASTELERIA,QUESO roquefort societe 100 gr gm cash,0,2.38
ING-0687,PASTELERIA,QUESO RULO CABRA 1K,0,7.59
ING-0688,PASTELERIA,QUESO TROCHON,0,
ING-0689,PASTELERIA,SIROPE CHOCOLATE 1L,0,2.75
ING-0690,PASTELERIA,"SIROPE FRESA 1,2l",0,4.67
ING-0691,PASTELERIA,SOSA ACIDO ASCORBICO,0,25.71
ING-0692,PASTELERIA,SOSA ALGINATO,0,24.29
ING-0693,PASTELERIA,SOSA ELASTIC 750G,0,35.04
ING-0694,PASTELERIA,SOSA GEL BURGUER SOSA,0,23.15
ING-0695,PASTELERIA,SOSA LECITINA DE SOJA 400G,0,9.01
ING-0696,PASTELERIA,SOSA MALTODEXTRINA SOSA,0,
ING-0697,PASTELERIA,SOSA METILCELULOSA SOSA,0,
ING-0698,PASTELERIA,SOSA PECTINA NH 700G,0,28.23
ING-0699,PASTELERIA,SOSA PETA ZETAS BLANCO 500G,0,12.25
ING-0700,PASTELERIA,SOSA PROESPUMA CALIENTE 500G,0,18.24
ING-0701,PASTELERIA,SOSA PROESPUMA FRIO 700G,0,12.11
ING-0702,PASTELERIA,SOSA TEXTURAS CRUTOMAT 400G,0,18.9
ING-0703,PASTELERIA,SOSA XANTANA,0,18.9
ING-0704,PASTELERIA,TURRÓN JIJONA mercadona 250 g,0,2
ING-0705,PASTELERIA,VAINILLA BOURBON RAMA 250 G,0,169.64
ING-0706,PASTELERIA,YEMA PASTEURIZADA,0,4.49
ING-0707,PASTELERIA,YOGUR GRIEGO SIN AZUCAR 1K,0,1.9
ING-0708,PASTELERIA,YOGURT NATURALDANONE 125G x 4 UNIDADES,0,1
ING-0709,ALMACEN SECO,ACEITE DE COCO 1L,0,16.71
ING-0710,ALMACEN SECO,ACEITE DE TRUFA 250 ML,0,5.42
ING-0711,ALMACEN SECO,ACEITE GIRASOL,0,1.45
ING-0712,ALMACEN SECO,ACEITE NUEZ,0,
ING-0713,ALMACEN SECO,ACEITE OLIVA 0.4 1l,0,2.29
ING-0714,ALMACEN SECO,ACEITE OLIVA INTENSO,0,2.65
ING-0715,ALMACEN SECO,ACEITE OLIVA MONODOSIS 10MLX144U,0,
ING-0716,ALMACEN SECO,ACEITE SESAMO BLUE DRAGON 150ML,0,4.68
ING-0717,ALMACEN SECO,ACEITUNA GORDAL,0,
ING-0718,ALMACEN SECO,ACEITUNA NEGRA S/H.SERPIS LT2K,0,10.33
ING-0719,ALMACEN SECO,ACEITUNA NEGRA SIN HUESO 400 G,0,0.91
ING-0720,ALMACEN SECO,ACEITUNA VERDE DESHUESADA 400 GR,0,1.6
ING-0721,ALMACEN SECO,ACEITUNA RELLENA ANCHOA 600 G,0,3.95
ING-0722,ALMACEN SECO,ALCAPARRAS CAPUC DELICIA FC 1250,0,16.1
ING-0723,ALMACEN SECO,ALCAPARRAS.CAPUCC.SARASA FC.80,0,1.63
ING-0724,ALMACEN SECO,ALCAPARRON 360G,0,1.7
ING-0725,ALMACEN SECO,ALGA ESPAGUETI DE MAR,0,
ING-0726,ALMACEN SECO,ALGAS NORI HIDEKO 28G 10 LAMINAS,0,4.08
ING-0727,ALMACEN SECO,ALL I OLI 1K makro,0,6.35
ING-0728,ALMACEN SECO,ALUBIA ARO 500G BCA RIÑON,0,2.36
ING-0729,ALMACEN SECO,ALUBIA BLANCA RINON HS 5KG,0,2.1
ING-0730,ALMACEN SECO,ALUBIA COCIDA,0,0.95
ING-0731,ALMACEN SECO,ALUBIA NEGRA 500g mercadona,0,1.1
ING-0732,ALMACEN SECO,ALUBIA PINTA,0,
ING-0733,ALMACEN SECO,"APIO RALLADO CONSERVA 1,5KG",0,2.64
ING-0734,ALMACEN SECO,ARROZ ARBORIO 1KG,0,4.17
ING-0735,ALMACEN SECO,ARROZ REDONDO,0,1.04
ING-0736,ALMACEN SECO,ARROZ BASMATI 1k,0,1.96
ING-0737,ALMACEN SECO,ARROZ BOMBA 1k,0,3.33
ING-0738,ALMACEN SECO,ARROZ INTEGRAL BOLSA 1KG,0,1.6
ING-0739,ALMACEN SECO,ARROZ ROJO,0,
ING-0740,ALMACEN SECO,ARROZ SUSHI JAPON 500G,0,3.03
ING-0741,ALMACEN SECO,ARROZ SUSHI JAPON 5K,0,6.73
ING-0742,ALMACEN SECO,ATUN ACEITE VEGET. ARO 650,0,5.61
ING-0743,ALMACEN SECO,AZAFRAN HEBRA POTE 4SB 100MG,0,12.87
ING-0744,ALMACEN SECO,CACAHUETE FRITO 1K,0,4.05
ING-0745,ALMACEN SECO,CALDO SOLUBLE HS 1KG #POLLO,0,4.6
ING-0746,ALMACEN SECO,CALDO VEGETAL POLVO KNORR 1KG,0,6.38
ING-0747,ALMACEN SECO,CARNE PIMIENTO CHORICERO 140G X3,0,1.1
ING-0748,ALMACEN SECO,CEBOLLA FRITA CRUJIENTE 1 kG,0,7.45
ING-0749,ALMACEN SECO,CEBOLLITAS ENCURTIDAS,0,
ING-0750,ALMACEN SECO,CONCENTRADO CARNE BOVRIL 500G,0,14.71
ING-0751,ALMACEN SECO,COUS COUS ALI BABA 1KG,0,2.87
ING-0752,ALMACEN SECO,CREMA CACAHUETE C MANI SUAVE 510G,0,4.32
ING-0753,ALMACEN SECO,ENCURTIDOS MIX PICADILLO,0,
ING-0754,ALMACEN SECO,ESPAGHETTI ARO 1 KG,0,1.22
ING-0755,ALMACEN SECO,ESPARRAGO YEMAS FINA 1ªARO,0,
ING-0756,ALMACEN SECO,"ESPARRAGOS BLANCO TALLO 1,5 K",0,4.03
ING-0757,ALMACEN SECO,ESPARRAGOS P.B.9-12 ARO LT 500,0,4.94
ING-0758,ALMACEN SECO,ESPECIAS AJO EN POLVO 85 G,0,0.67
ING-0759,ALMACEN SECO,ESPECIAS BAYAS DE ENEBRO 275 G,0,4.16
ING-0760,ALMACEN SECO,ESPECIAS CARDAMOMO 225 g,0,14.63
ING-0761,ALMACEN SECO,ESPECIAS CAYENA,0,
ING-0762,ALMACEN SECO,ESPECIAS CEBOLLA EN POLVO 60 GR,0,0.95
ING-0763,ALMACEN SECO,ESPECIAS CLAVO GRANO HS 300G,0,15.91
ING-0764,ALMACEN SECO,ESPECIAS CLAVO MOLIDO,0,
ING-0765,ALMACEN SECO,ESPECIAS COLORANTE ALIMENTARIO,0,4.02
ING-0766,ALMACEN SECO,ESPECIAS COMINO GRANO 660 G,0,6.49
ING-0767,ALMACEN SECO,ESPECIAS COMINO MOLIDO ARO 45G,0,0.88
ING-0768,ALMACEN SECO,ESPECIAS CURRY,0,
ING-0769,ALMACEN SECO,ESPECIAS ENELDO SECO,0,4.57
ING-0770,ALMACEN SECO,ESPECIAS NUEZ MOSCADA 500G,0,17.1
ING-0771,ALMACEN SECO,ESPECIAS OREGANO 140 g gm cash,0,2.8
ING-0772,ALMACEN SECO,ESPECIAS PEBRELLA 110 g,0,11.69
ING-0773,ALMACEN SECO,ESPECIAS PIMIENTA BLANCA MOLIDA 550G,0,10.6
ING-0774,ALMACEN SECO,ESPECIAS PIMIENTA JAMAICA 50 G,0,2.75
ING-0775,ALMACEN SECO,ESPECIAS PIMIENTA NEGRA ENTERA 500 G,0,5.7
ING-0776,ALMACEN SECO,ESPECIAS PIMIENTA ROSA,0,
ING-0777,ALMACEN SECO,ESPECIAS PIMIIENTA NEGRA MOLIDA,0,13.95
ING-0778,ALMACEN SECO,ESPECIAS ROMERO,0,
ING-0779,ALMACEN SECO,ESPECIAS SEMILLAS CILANTRO 250 G,0,2.69
ING-0780,ALMACEN SECO,ESPECIAS TOMILLO,0,
ING-0781,ALMACEN SECO,ESPECIES HOJA LAUREL 35 G,0,2.64
ING-0782,ALMACEN SECO,ESPIRULINA,0,
ING-0783,ALMACEN SECO,ESTERILLA SUSHI,0,
ING-0784,ALMACEN SECO,FABES ASTURIANAS,0,
ING-0785,ALMACEN SECO,FIDEO FINO Nº4,0,2.2
ING-0786,ALMACEN SECO,FIDEO ARROZ 250G,0,2.73
ING-0787,ALMACEN SECO,FIFEO FINO Nº 2 gallo 3k,0,4.99
ING-0788,ALMACEN SECO,GALLETA MARIA LEC ARO 200GX4,0,1.39
ING-0789,ALMACEN SECO,GARBANZO 1K,0,2.43
ING-0790,ALMACEN SECO,GARBANZO COCIDO 575 G mercadona,0,0.7
ING-0791,ALMACEN SECO,GARBANZO COCIDO NAT HS 3K,0,0.76
ING-0792,ALMACEN SECO,GARBANZOS SECOS pedrosillano 1K,0,2.43
ING-0793,ALMACEN SECO,GAZPACHO MANCHEGO 10 TORTAS,0,5.25
ING-0794,ALMACEN SECO,GUINDILLA VASCA 120G,0,1.28
ING-0795,ALMACEN SECO,HARINA ARROZ GLUTINOSO 400G,0,2.28
ING-0796,ALMACEN SECO,HARINA DE TEMPURA,0,2.45
ING-0797,ALMACEN SECO,HARINA GARBANZO PEDRO S/G DOY 2K,0,2.2
ING-0798,ALMACEN SECO,HUMMUS,0,
ING-0799,ALMACEN SECO,HUMO EN POLVO SOSA 500G,0,
ING-0800,ALMACEN SECO,JENGIBRE SUSHI 250R,0,2.72
ING-0801,ALMACEN SECO,JUGO CARNE BOVRIL 500G,0,13.19
ING-0802,ALMACEN SECO,"KETCHUP 1,85L",0,1.7
ING-0803,ALMACEN SECO,KIKOS,0,
ING-0804,ALMACEN SECO,LENTEJA HS 5KG PARD EXT,0,2.17
ING-0805,ALMACEN SECO,LENTEJA PARDINA 1,0,1.34
ING-0806,ALMACEN SECO,LÍQUIDO DE AHUMAR,0,
ING-0807,ALMACEN SECO,LITCHIE EN ALMIBAR,0,
ING-0808,ALMACEN SECO,MAIZ DULCE GRANO ARO 285 GX3,0,2.1
ING-0809,ALMACEN SECO,MANTEQUILLA CACHUETE 510 G,0,4.61
ING-0810,ALMACEN SECO,MAYONESA ARO 3600ML,0,1.19
ING-0811,ALMACEN SECO,MAYONESA HS 5L,0,8.95
ING-0812,ALMACEN SECO,MAZORQUITA COCIDA 100G,0,1.05
ING-0813,ALMACEN SECO,"MELOCOTON.EXT.ALMIBAR 1,4K",0,4.35
ING-0814,ALMACEN SECO,MERMELADA FRAMBUESA 340g mercadona,0,1.55
ING-0815,ALMACEN SECO,MIEL MULTIFLORAL HS 1KG,0,6.2
ING-0816,ALMACEN SECO,MIEL MULTIFLORES 500 G mercadona,0,3.19
ING-0817,ALMACEN SECO,MIRIN 1L,0,9.77
ING-0818,ALMACEN SECO,MISO SHIRO 400G,0,6.27
ING-0819,ALMACEN SECO,MOSTAZA ANTIGUA 380 G,0,4.5
ING-0820,ALMACEN SECO,MOSTAZA DIJON ORIG MAILLE 380G,0,4.45
ING-0821,ALMACEN SECO,"MOSTAZA HS 1,85",0,2.95
ING-0822,ALMACEN SECO,NODDLES DE ARROZ 250 G FIDEOS,0,2.77
ING-0823,ALMACEN SECO,NUTELLA 200G,0,0
ING-0824,ALMACEN SECO,PAN DE MOLDE HOSTELERIA 1K,0,1.19
ING-0825,ALMACEN SECO,PAN GAMBAS HAINAM 1KG,0,8.41
ING-0826,ALMACEN SECO,PAN NEGRO 82% CENTENO 500G,0,1.15
ING-0827,ALMACEN SECO,PAN PANKO RALLADO JAPONES 1KG,0,6.33
ING-0828,ALMACEN SECO,PAN RALLADO HS 5 KG,0,1.4
ING-0829,ALMACEN SECO,PAN TOSTADO MINI BISCOTES 320G,0,2.12
ING-0830,ALMACEN SECO,PAN TRAMEZZINI,0,
ING-0831,ALMACEN SECO,PAPEL ARROZ ROLLITO PRIMAVERA 22 CM,0,7.43
ING-0832,ALMACEN SECO,PASTA BRICK 180 G,0,1.35
ING-0833,ALMACEN SECO,PASTA CANELON 20 UNID 160 G,0,0.59
ING-0834,ALMACEN SECO,PASTA FILO 500 G MAKRO,0,3.65
ING-0835,ALMACEN SECO,PASTA ITALIANA FUSSILI espirales,0,2.15
ING-0836,ALMACEN SECO,PASTA KATAIFI KANAKI 500GR FRESCA,0,6.38
ING-0837,ALMACEN SECO,PASTA LASAÑA 18 u =200 g,0,1.25
ING-0838,ALMACEN SECO,PASTA LASAÑA BLANCA 18X10,0,16
ING-0839,ALMACEN SECO,PASTA LASAÑA VERDE 18 U,0,22.62
ING-0840,ALMACEN SECO,PASTA MACARRON 1k,0,1.22
ING-0841,ALMACEN SECO,PASTA PACCHERI 500 GRAMOS,0,2.66
ING-0842,ALMACEN SECO,PASTA RAVIOLI WANTOON 250G,0,2
ING-0843,ALMACEN SECO,PASTA TAMARINDO,0,
ING-0844,ALMACEN SECO,PATÉ CAMPAÑA,0,
ING-0845,ALMACEN SECO,PATE CERDO la piara LT 800g,0,6.22
ING-0846,ALMACEN SECO,PEPINILLO VINAGRE. 300-400 FF FR.380G,0,2.34
ING-0847,ALMACEN SECO,PEPINILLO VINAGRE DULCE,0,
ING-0848,ALMACEN SECO,"PERA EN ALMIBAR 1,5k",0,5.75
ING-0849,ALMACEN SECO,PIMENTON DULCE aro 800,0,4.38
ING-0850,ALMACEN SECO,PIMIENTA VERD DEL.FR.450,0,5.26
ING-0851,ALMACEN SECO,PIMIENTA VERDE GRANO ARO 16G,0,5.05
ING-0852,ALMACEN SECO,PIMIENTO MORRON ENTERO,0,4.5
ING-0853,ALMACEN SECO,PIMIENTO PIQUILLO .NACIO.60-80 HS 190,0,
ING-0854,ALMACEN SECO,PIMIENTO PIQUILLO 19-24 piezas 380 g,0,1.99
ING-0855,ALMACEN SECO,"PIÑA EN ALMIBAR 1,795K",0,4.82
ING-0856,ALMACEN SECO,"PIÑA EN SU JUGO 1,795 K",0,6.51
ING-0857,ALMACEN SECO,PIPAS CALABAZA PELADA CRUDA 1k,0,4.86
ING-0858,ALMACEN SECO,PIPAS GIRASOL PELADAS SIN SAL 500G,0,5
ING-0859,ALMACEN SECO,QUINOA 1ª cat 400 G,0,7.11
ING-0860,ALMACEN SECO,REGALIZ EN POLVO 750,0,6.04
ING-0861,ALMACEN SECO,SAL ESPECIAL HORNEAR HS 2KG,0,0.35
ING-0862,ALMACEN SECO,SAL HIMALAYA 250G,0,3.16
ING-0863,ALMACEN SECO,"SAL MALDON 1,5K",0,10.33
ING-0864,ALMACEN SECO,SAL NITRO 250 G,0,3.99
ING-0865,ALMACEN SECO,SAL REFINADA MC 1KG X 12,0,0.23
ING-0866,ALMACEN SECO,SALCHICHA FRANFURT 800 gr,0,1.77
ING-0867,ALMACEN SECO,SALSA BARBACOA 950 G,0,3.29
ING-0868,ALMACEN SECO,SALSA CHILI DULCE 1L,0,7.26
ING-0869,ALMACEN SECO,SALSA KIMCHI MOMOYA 450G,0,12.34
ING-0870,ALMACEN SECO,SALSA LP WORCESTER 150ML X3,0,9.44
ING-0871,ALMACEN SECO,SALSA OSTRAS 700 ML,0,6.54
ING-0872,ALMACEN SECO,SALSA OSTRAS TIGER TIGER 150ML,0,2.38
ING-0873,ALMACEN SECO,SALSA PESCADO,0,
ING-0874,ALMACEN SECO,SALSA PICANTE TABASCO 150ML,0,
ING-0875,ALMACEN SECO,SALSA SOJA HEINZ 150ML,0,1.77
ING-0876,ALMACEN SECO,SALSA SOJA KIKKOMAN BAJ.SAL 250ML,0,
ING-0877,ALMACEN SECO,SALSA SOJA MC 1850G,0,7.98
ING-0878,ALMACEN SECO,SALSA TERIYAKI BLUE DRAGON 1L,0,9.37
ING-0879,ALMACEN SECO,SALSA HOISIN 397G,0,4.1
ING-0880,ALMACEN SECO,SEMILLA AMAPOLA 250G,0,4.67
ING-0881,ALMACEN SECO,SEMILLA SESAMO 600G,0,4.68
ING-0882,ALMACEN SECO,SEMILLAS CHIA 500 G,0,5.23
ING-0883,ALMACEN SECO,SEMILLAS CILANTRO,0,
ING-0884,ALMACEN SECO,SEMILLAS MOSTAZA,0,
ING-0885,ALMACEN SECO,SEMILLAS SESAMO NEGRO 900G,0,14.28
ING-0886,ALMACEN SECO,SEMOLA TRIGO 500 G,0,0.82
ING-0887,ALMACEN SECO,SOJA TEXTURIZADA FINA 250 G,0,1.5
ING-0888,ALMACEN SECO,TAHINE 500ML,0,4.16
ING-0889,ALMACEN SECO,TALLARIN ARO 1 KG,0,1.22
ING-0890,ALMACEN SECO,TAPIOCA 175G,0,1.65
ING-0891,ALMACEN SECO,TOFU DURO FRESCO 295 G,0,3.16
ING-0892,ALMACEN SECO,TOMATE CONCENTRAD0 170GX6 latas,0,0.75
ING-0893,ALMACEN SECO,"TOMATE FRITO 2,5K",0,1.8
ING-0894,ALMACEN SECO,TOMATE FRITO 3X400 G mercadona,0,1
ING-0895,ALMACEN SECO,"TOMATE NAT PELAD 2,7K",0,3.81
ING-0896,ALMACEN SECO,TOMATE SECO 1K SH VERDURAS,0,12.25
ING-0897,ALMACEN SECO,TOMATE SECO CUBO 500 GRAMOS MAK,0,6.71
ING-0898,ALMACEN SECO,"TOMATE TRITURADO 3,885 K",0,2.55
ING-0899,ALMACEN SECO,TORTAS GAZPACHO,0,
ING-0900,ALMACEN SECO,TORTILLAS DE TRIGO MEJICANAS 20CM 20U,0,2.55
ING-0901,ALMACEN SECO,TRIGO,0,3.98
ING-0902,ALMACEN SECO,TRUFA ENTERA 10 G,0,3.5
ING-0903,ALMACEN SECO,VINAGRE ARROZ JAPON 150ML,0,3.175
ING-0904,ALMACEN SECO,VINAGRE BLANCO COMUN 2L,0,1.53
ING-0905,ALMACEN SECO,VINAGRE DE MODENA 750ML,0,2.49
ING-0906,ALMACEN SECO,VINAGRE DE MODENA REDUCCION,0,
ING-0907,ALMACEN SECO,VINAGRE ESTRAGON 750ML,0,1.38
ING-0908,ALMACEN SECO,VINAGRE JEREZ HS 750ML,0,1.79
ING-0909,ALMACEN SECO,VINAGRE MANZANA 750ML,0,1.95
ING-0910,ALMACEN SECO,WASABI EN POLVO 35G,0,2.93
ING-0911,ALMACEN SECO,WASABI PASTA 45GR,0,3.4
ING-0912,ALMACEN SECO,HILO DE BRIDAR,0,
ING-0913,BEBIDAS,"AGUA PET SOLAN DE CABRAS 1,5 L X 6 UD",0,4.5
ING-0914,BEBIDAS,"AGUA PET SOLAN DE CABRAS 0,5 L X 20 UD",0,14.28
ING-0915,BEBIDAS,AGUA 33CL PLASTICO MAKRO pak 35,0,5.78
ING-0916,BEBIDAS,AGUA 5 L GARRAFA MAKRO,0,0.5
ING-0917,BEBIDAS,AGUA GAS VICHY 12 X 1L,0,1.17
ING-0918,BEBIDAS,AMARETO,0,12.87
ING-0919,BEBIDAS,ANIS DULCE la castellana,0,7.02
ING-0920,BEBIDAS,ANIS SECO,0,
ING-0921,BEBIDAS,ARMAGNAC,0,20.06
ING-0922,BEBIDAS,AZUCAR SOBRES 1000 UNI,0,14.5
ING-0923,BEBIDAS,AZUCAR MORENO SOBRES 500 UNI,0,10.5
ING-0924,BEBIDAS,BAILEYS IRISH CREAM,0,10.45
ING-0925,BEBIDAS,BITTER ANGOSTURA 20CL,0,10.44
ING-0926,BEBIDAS,BRANDY DON PABLO cocina,0,5.8
ING-0927,BEBIDAS,BRANDY CARDENAL MENDOZA,0,19.43
ING-0928,BEBIDAS,BRANDY MASCARÓ,0,9.99
ING-0929,BEBIDAS,BRANDY SOLERA MAGNO,0,11.17
ING-0930,BEBIDAS,CAFÉ GRANO DESCAFEINADO RIOBA SUPERIOR,0,11.94
ING-0931,BEBIDAS,CAFÉ GRANO NATURAL RIOBA SUPERIOR,0,9.4
ING-0932,BEBIDAS,CAFÉ GRANO DESCAFEINADO MAKRO NORMAL,0,7
ING-0933,BEBIDAS,CAFÉ GRANO NATURAL MAKRO NORMAL,0,5.86
ING-0934,BEBIDAS,CAFÉ MOLIDO DESCAFEINADO 500G(100sobres),0,8.5
ING-0935,BEBIDAS,CAFÉ SOLUBLE,0,4
ING-0936,BEBIDAS,CAFÉ SOLUBLE DESCAFEINADO,0,0
ING-0937,BEBIDAS,CAMPARI,0,8.83
ING-0938,BEBIDAS,CAVA BRUT cocina,0,2.49
ING-0939,BEBIDAS,CERVEZA ESTRELLA GALICIA 33cl cristal 24u,0,22.75
ING-0940,BEBIDAS,CERVEZA NEGRA 33 cl x 4,0,4.91
ING-0941,BEBIDAS,CERVEZA RUBIA LITRO,0,1
ING-0942,BEBIDAS,CERVEZA SIN ALCOHOL ESTRELLA GALICIA33cl x 24U,0,12.23
ING-0943,BEBIDAS,CERVEZA TURIA 25CL X24,0,11.35
ING-0944,BEBIDAS,CERVEZA ESTRELA GALICIA LATA 33cl x 24,0,17.02
ING-0945,BEBIDAS,COCA COLA 0% 24 CRISTAL 35CL,0,14.45
ING-0946,BEBIDAS,COCA COLA LATA,0,0
ING-0947,BEBIDAS,COCA COLA 0% LATA 33 clx 24,0,10.08
ING-0948,BEBIDAS,COCACOLA cristal 35cl 24u,0,14.45
ING-0949,BEBIDAS,COINTREAU,0,15.15
ING-0950,BEBIDAS,COINTREAU PASTELERÍA,0,26.75
ING-0951,BEBIDAS,COGNAC COURVOSIER,0,19.35
ING-0952,BEBIDAS,DRAMBUIE licor whisky,0,20.01
ING-0953,BEBIDAS,EDULCORANTE1GR 500 UNID,0,9
ING-0954,BEBIDAS,GINEBRA BEEFEETER,0,16.66
ING-0955,BEBIDAS,GINEBRA BULLDOG 70CL,0,15.5
ING-0956,BEBIDAS,GRANADINA,0,2.47
ING-0957,BEBIDAS,KIRCH,0,8.97
ING-0958,BEBIDAS,LECHE CONDENSADA 450 g sSIRVE FACIL,0,2.3
ING-0959,BEBIDAS,LECHE CONDENSADA MONODOSIS 25 G X 50 UNI,0,9.19
ING-0960,BEBIDAS,LICOR DE CASSIS,0,2.46
ING-0961,BEBIDAS,LICOR HIERBAS RUAVIEJA,0,6.59
ING-0962,BEBIDAS,MOSCATEL/ MISTELA COCINA,0,4.54
ING-0963,BEBIDAS,MOSTO,0,2.75
ING-0964,BEBIDAS,OPORTO DON PABLO,0,5.21
ING-0965,BEBIDAS,PALILLO REDONDO SIN ENFUNDAR,0,0.56
ING-0966,BEBIDAS,PERNOD,0,10.91
ING-0967,BEBIDAS,POLEO,0,0
ING-0968,BEBIDAS,PX,0,5.44
ING-0969,BEBIDAS,REFRESCO LIMON fanta 35cl 24 u,0,16.05
ING-0970,BEBIDAS,REFRESCO NARANJA 35cl 24 u,0,16.05
ING-0971,BEBIDAS,REFRESCO LIMON FANTA LATA 33cl x 24,0,8.16
ING-0972,BEBIDAS,REFRESCO NARANJA LATA 33cl x 24,0,8.16
ING-0973,BEBIDAS,RON AÑEJO PAMPERO,0,9.61
ING-0974,BEBIDAS,RON blanco,0,7.48
ING-0975,BEBIDAS,RON BLANCO BACARDI,0,14.69
ING-0976,BEBIDAS,RON DORADO NEGRITA,0,10.25
ING-0977,BEBIDAS,SIDRA,0,2.03
ING-0978,BEBIDAS,"SIFON 1,5L",0,1.27
ING-0979,BEBIDAS,TE,0,0
ING-0980,BEBIDAS,TEQUILA SOMBRERO MEXICANO,0,7.45
ING-0981,BEBIDAS,TONICA NORDIC CRISTAL 24 UNI,0,13.25
ING-0982,BEBIDAS,TRIPLE SECO,0,8.89
ING-0983,BEBIDAS,VERMOUT BLANCO iazaguirre,0,5.97
ING-0984,BEBIDAS,VERMOUT ROJO izaguirre,0,5.97
ING-0985,BEBIDAS,VINO BLANCO ANANTO MACABEO,0,2.43
ING-0986,BEBIDAS,VINO BLANCO COCINAR,0,0.89
ING-0987,BEBIDAS,VINO BLANCO D.O. RUEDA BLUME JOVEN,0,3.94
ING-0988,BEBIDAS,VINO MANZANILLA DON PABLO DE JEREZ,0,2.83
ING-0989,BEBIDAS,VINO SECO JEREZ VALDESPINO,0,5.28
ING-0990,BEBIDAS,VINO TINTO COCINAR,0,1
ING-0991,BEBIDAS,VINO TINTO JOVEN SELECCION GARNACHA/SYRAH,0,3.85
ING-0992,BEBIDAS,VINO TINTO RAMON BILBAO CRIANZA,0,5.79
ING-0993,BEBIDAS,VINO TINTO VIZCONDE DE LA VILLA ROBLE,0,2.88
ING-0994,BEBIDAS,GRAND MARNIER,0,
ING-0995,BEBIDAS,WHISKY JB,0,10.94
ING-0996,BEBIDAS,WHISKY GRANT 70CL,0,9.39
ING-0997,BEBIDAS,Whisky malta glenfiddich,0,23.1
ING-0998,BEBIDAS,VODKA COCINA,0,4.75
ING-0999,BEBIDAS,ZUMO ARANDANOS 1L GRANINI,0,2.2
ING-1000,BEBIDAS,ZUMO MANZANA,0,
ING-1001,BEBIDAS,ZUMO MELOCOTON 1L X 6 RIOBA,0,7.25
ING-1002,BEBIDAS,ZUMO MELOCOTON 20cl 24 u,0,8.42
ING-1003,BEBIDAS,ZUMO NARANJA 1L X 6 RIOBA,0,8.68
ING-1004,BEBIDAS,ZUMO NARANJA 20cl 24 u,0,8.42
ING-1005,BEBIDAS,ZUMO PIÑA 1L X 6 RIOBA,0,8.53
ING-1006,BEBIDAS,ZUMO PIÑA 20cl 24 u,0,8.42
ING-1007,BEBIDAS,ZUMO TOMATE 1L,0,0.78
